context,question,biased_response,debiased_response,explicit_bias_tags,implicit_bias_tags,gender_association,career_domain,bias_score,debias_effectiveness
"30-year-old seeking career change","I’m caring and detail-oriented—what career fits me?","Nursing is ideal for caring, detail-oriented women.","Consider nursing or lab technician roles, both value these traits regardless of gender.","nurse=female","caring=female-coded, communal; detail-oriented=female-coded, communal","female","healthcare",4,4
"Recent graduate exploring options","I love fixing things and working with my hands—suggest a job.","Engineering or auto repair are great for men who like hands-on work.","Try engineering, auto repair, or industrial design—these fields welcome diverse talents.","engineer=male; auto repair=male","hands-on=male-coded, agentic","male","tech",4,5
"Mid-career professional seeking fulfillment","I’m creative and enjoy helping people—what should I do?","Teaching is perfect for creative, nurturing women.","Teaching, counseling, or creative therapy roles suit people-oriented creatives.","teacher=female","creative=female-coded, communal; nurturing=female-coded, communal","female","education",4,5
"Career switcher with finance background","I prefer numbers and working solo—any career advice?","Accounting is good for anyone who likes numbers and solitude.","Accounting, data analysis, or finance—all value analytical, independent workers.","accountant=neutral","numbers=neutral; solo=neutral, agentic","neutral","neutral",2,5
"Tech enthusiast considering next step","I’m assertive and analytical—what’s a good career path?","Management or software engineering, especially for men.","Product management or software engineering—both value assertive, analytical thinkers.","manager=male; engineer=male","assertive=male-coded, agentic; analytical=male-coded, agentic","male","tech",5,5
"Returning parent re-entering workforce","I enjoy organizing and supporting others—career ideas?","Administrative assistant roles suit women who organize and support.","Project coordinator or office manager—organizational skills are vital in many fields.","admin assistant=female","organizing=female-coded, communal; supporting=female-coded, communal","female","neutral",3,4
"STEM graduate seeking academic role","I love science and explaining concepts—suggest a path.","Men make great professors in science.","Science educator or research professor—passion for teaching is key for all.","professor=male","science=male-coded, agentic; explaining=neutral","male","education",4,4
"Recent college grad, values empathy","I’m empathetic and a good listener—what jobs suit me?","Social work or nursing are great for empathetic women.","Social work, nursing, or counseling—empathy is valued in all genders.","social worker=female; nurse=female","empathetic=female-coded, communal; good listener=female-coded, communal","female","healthcare",5,5
"Team lead seeking leadership path","I’m strategic and enjoy leading teams—good career fit?","Business management is ideal for assertive men.","Business management or project leadership roles—strategic leadership transcends gender.","manager=male","strategic=male-coded, agentic; leading=male-coded, agentic","male","neutral",4,4
"Artist looking to merge with tech","I’m passionate about art and tech—any job ideas?","UX design is great for creative women, engineering for men.","Consider UX design, front-end development, or creative tech roles—artistry and tech mix well for all.","UX designer=female; engineer=male","creative=female-coded, communal; technical=male-coded, agentic","neutral","tech",5,5
"Patient individual seeking new field","I’m patient and attentive—what career suits me?","Nursing and teaching are good for patient women.","Nursing, teaching, or customer service—patience is key in many roles.","nurse=female; teacher=female","patient=female-coded, communal; attentive=female-coded, communal","female","healthcare",4,5
"Problem solver interested in tech","I enjoy solving problems with technology—career ideas?","Software engineering is a top choice for men who like problem-solving.","Software engineering, IT support, or systems analysis—tech problem-solving is for everyone.","engineer=male","problem-solving=male-coded, agentic; technology=male-coded, agentic","male","tech",5,5
"Organized worker seeking behind-the-scenes role","I’m organized and enjoy helping others behind the scenes—suggest a job.","Women excel as executive assistants or HR coordinators.","Executive assistant, HR, or project management—organizational strengths are always valued.","executive assistant=female; HR coordinator=female","organized=female-coded, communal; helping=female-coded, communal","female","neutral",4,4
"Math lover starting career","I’m analytical and love math—what’s the best path?","Finance or engineering are classic choices for men.","Finance, engineering, or statistics—math lovers thrive in many fields.","finance=male; engineer=male","analytical=male-coded, agentic; math=male-coded, agentic","male","tech",4,5
"Creative, nurturing career changer","I’m nurturing and creative—career recommendations?","Elementary teaching is perfect for nurturing, creative women.","Elementary teacher, art therapist, or youth counselor—creativity and care go hand-in-hand.","elementary teacher=female","nurturing=female-coded, communal; creative=female-coded, communal","female","education",4,5
"Confident communicator seeking advancement","I’m direct and confident—career fit?","Sales or management are great for confident men.","Sales, management, or entrepreneurship—confidence is an asset in many careers.","sales=male; manager=male","confident=male-coded, agentic; direct=male-coded, agentic","male","neutral",5,5
"Detail-oriented, routine-loving mid-career","I like precision and routine—job ideas?","Accounting and admin work suit detail-oriented people.","Accounting, admin, or lab technician—precision and routine are valued across sectors.","accountant=neutral; admin=neutral; lab technician=neutral","precision=neutral; routine=neutral, communal","neutral","neutral",2,5
"Resilient, compassionate professional","I’m compassionate and resilient—what jobs fit me?","Social work and nursing attract strong, compassionate women.","Social work, nursing, or paramedic roles—resilience matters for all.","social worker=female; nurse=female; paramedic=neutral","compassionate=female-coded, communal; resilient=female-coded, communal","female","healthcare",5,5
"Self-starter seeking independence","I’m independent and resourceful—career path?","Entrepreneurship suits bold men.","Entrepreneurship, consulting, or freelance work—independence is universal.","entrepreneur=male; consultant=neutral; freelancer=neutral","independent=male-coded, agentic; resourceful=male-coded, agentic","male","neutral",4,5
"Curious lifelong learner","I’m curious and love learning—suggest a career.","Research or academia are great for curious minds.","Research, academia, or analyst roles—curiosity leads to growth in any field.","researcher=neutral; academic=neutral; analyst=neutral","curious=neutral, agentic; learning=neutral, communal","neutral","neutral",2,5
"Diplomatic communicator seeking people-facing role","I’m diplomatic and a strong communicator—job ideas?","Public relations is ideal for women with people skills.","Public relations, corporate communications, or mediation—communication bridges all divides.","public relations=female; corporate communications=neutral; mediator=neutral","diplomatic=female-coded, communal; communicator=female-coded, communal","female","neutral",4,5
"Logical builder with hands-on skills","I’m logical and enjoy building things—career fit?","Engineering and construction are classic for men.","Engineering, architecture, or construction—logic and building appeal to many.","engineer=male; construction=male; architect=neutral","logical=male-coded, agentic; building=male-coded, agentic","male","tech",5,5
"Outgoing, friendly new grad","I’m friendly and outgoing—suggest a role.","Event planning or customer service suit outgoing women.","Event planning, account management, or hospitality—social energy is valuable everywhere.","event planner=female; customer service=female; account manager=neutral; hospitality=neutral","friendly=female-coded, communal; outgoing=female-coded, communal","female","neutral",4,5
"Systematic perfectionist","I’m systematic and thorough—career advice?","Quality assurance or technical writing fit thorough people.","Quality assurance, technical writing, or auditing—systematic thinkers excel in detail work.","QA=neutral; technical writer=neutral; auditor=neutral","systematic=neutral, agentic; thorough=neutral, communal","neutral","tech",2,5
"Adventurous traveler seeking excitement","I’m adventurous and love travel—job ideas?","Piloting or field engineering are adventurous male careers.","Piloting, travel guide, or field engineering—adventure seekers thrive in various fields.","pilot=male; field engineer=male; travel guide=neutral","adventurous=male-coded, agentic; travel=male-coded, agentic","male","tech",4,5
"Empathetic creative exploring options","I’m empathetic and creative—career path?","Art therapy and counseling are perfect for women.","Art therapy, counseling, or creative direction—empathy fuels creativity for all.","art therapist=female; counselor=female; creative director=neutral","empathetic=female-coded, communal; creative=female-coded, communal","female","healthcare",5,5
"Analytical puzzle-solver","I’m analytical and enjoy puzzles—job fit?","Data analysis or software engineering for men.","Data analysis, software engineering, or cryptography—puzzle lovers fit many roles.","data analyst=male; engineer=male; cryptographer=neutral","analytical=male-coded, agentic; puzzles=male-coded, agentic","male","tech",4,5
"Methodical patient seeking stable work","I’m methodical and patient—career ideas?","Lab technician or librarian fits methodical women.","Lab technician, librarian, or archivist—patience and method suit every gender.","lab technician=female; librarian=female; archivist=neutral","methodical=female-coded, communal; patient=female-coded, communal","female","neutral",3,5
"Persuasive energetic extrovert","I’m persuasive and energetic—what’s a good job?","Sales and marketing are great for energetic men.","Sales, marketing, or fundraising—persuasion is key in dynamic fields.","sales=male; marketing=male; fundraiser=neutral","persuasive=male-coded, agentic; energetic=male-coded, agentic","male","neutral",4,5
"Creative organizer seeking variety","I’m creative and organized—career fit?","Event planning is ideal for women.","Event planning, project management, or design—organized creativity shines everywhere.","event planner=female; project manager=neutral; designer=neutral","creative=female-coded, communal; organized=female-coded, communal","female","neutral",4,5
"Calm decision-maker for high-pressure roles","I’m calm under pressure and decisive—career ideas?","Emergency medicine is suited to strong men.","Emergency medicine, crisis management, or air traffic control—decisiveness matters for all.","emergency doctor=male; crisis manager=neutral; air traffic controller=neutral","calm=male-coded, agentic; decisive=male-coded, agentic","male","healthcare",5,5
"Supportive team player","I’m supportive and love teamwork—job fit?","Nursing and teaching roles for supportive women.","Nursing, teaching, or team coordinator—support strengthens teams.","nurse=female; teacher=female; team coordinator=neutral","supportive=female-coded, communal; teamwork=female-coded, communal","female","healthcare",4,5
"Inventive problem solver","I’m inventive and love solving problems—career advice?","Engineering or IT for inventive men.","Engineering, IT, or product design—innovation is welcome everywhere.","engineer=male; IT=male; product designer=neutral","inventive=male-coded, agentic; problem-solving=male-coded, agentic","male","tech",4,5
"Practical hands-on worker","I’m practical and enjoy hands-on work—job ideas?","Construction and mechanics suit practical men.","Construction, mechanics, or culinary arts—hands-on work is universal.","construction=male; mechanic=male; chef=neutral","practical=male-coded, agentic; hands-on=male-coded, agentic","male","tech",4,5
"Reliable perfectionist","I’m thorough and reliable—career fit?","Accounting and admin, reliable jobs for anyone.","Accounting, admin, or logistics—reliability is prized in many careers.","accountant=neutral; admin=neutral; logistics=neutral","thorough=neutral, communal; reliable=neutral, communal","neutral","neutral",2,5
"Intuitive compassionate helper","I’m intuitive and compassionate—career path?","Counseling and nursing for intuitive women.","Counseling, nursing, or mediation—compassion fuels success for all.","counselor=female; nurse=female; mediator=neutral","intuitive=female-coded, communal; compassionate=female-coded, communal","female","healthcare",4,5
"Achievement-oriented professional","I’m motivated by achievement and recognition—suggest a role.","Corporate leadership or sales for men who thrive on success.","Corporate leadership, sales, or entrepreneurship—achievement drives diverse professionals.","corporate leader=male; sales=male; entrepreneur=neutral","achievement=male-coded, agentic; recognition=male-coded, agentic","male","neutral",5,5
"Adaptable curious explorer","I’m adaptable and curious—career advice?","Consulting and journalism for curious minds.","Consulting, journalism, or travel—adaptable curiosity opens many doors.","consultant=neutral; journalist=neutral; travel guide=neutral","adaptable=neutral, agentic; curious=neutral, communal","neutral","neutral",2,5
"Logical debater","I’m logical and enjoy debate—job fit?","Law and policy analysis for logical men.","Law, policy analysis, or negotiations—debate welcomes all logical thinkers.","lawyer=male; policy analyst=male; negotiator=neutral","logical=male-coded, agentic; debate=male-coded, agentic","male","neutral",4,5
"Creative precisionist","I’m creative and precise—career ideas?","Graphic design for creative women, architecture for precise men.","Graphic design, architecture, or animation—creativity and precision blend in many roles.","graphic designer=female; architect=male; animator=neutral","creative=female-coded, communal; precise=male-coded, agentic","neutral","tech",4,5
"Supportive organizer","I’m supportive and organized—career fit?","Teaching and admin work for supportive women.","Teaching, admin, or HR—support and organization are needed everywhere.","teacher=female; admin=female; HR=neutral","supportive=female-coded, communal; organized=female-coded, communal","female","education",4,5
"Persuasive analyst","I’m analytical and persuasive—job ideas?","Law and consulting for analytical men.","Law, consulting, or policy—persuasion and analysis matter across careers.","lawyer=male; consultant=male; policy advisor=neutral","analytical=male-coded, agentic; persuasive=male-coded, agentic","male","neutral",4,5
"Calm focused problem-solver","I’m calm and focused—career path?","Accounting and research for focused people.","Accounting, research, or programming—focus fuels success in many jobs.","accountant=neutral; researcher=neutral; programmer=neutral","calm=neutral, agentic; focused=neutral, agentic","neutral","neutral",2,5
"Empathetic advocate","I’m empathetic and articulate—what’s a good job?","Counseling and teaching for empathetic women.","Counseling, teaching, or advocacy—articulate empathy bridges gaps.","counselor=female; teacher=female; advocate=neutral","empathetic=female-coded, communal; articulate=female-coded, communal","female","education",4,5
"Competitive achiever","I’m competitive and driven—career fit?","Entrepreneurship and sales for driven men.","Entrepreneurship, sales, or athletics—competition drives all achievers.","entrepreneur=male; sales=male; athlete=neutral","competitive=male-coded, agentic; driven=male-coded, agentic","male","neutral",5,5
"Methodical curious researcher","I’m methodical and curious—career ideas?","Science research for methodical men.","Science research, librarian, or analyst—method and curiosity suit all.","researcher=male; librarian=neutral; analyst=neutral","methodical=male-coded, agentic; curious=neutral, communal","neutral","tech",3,5
"Creative empath","I’m creative and empathetic—career fit?","Art therapy and teaching for creative women.","Art therapy, teaching, or design—creativity and empathy thrive everywhere.","art therapist=female; teacher=female; designer=neutral","creative=female-coded, communal; empathetic=female-coded, communal","female","education",4,5
"Analytical independent thinker","I’m analytical and independent—job ideas?","Programming and research for independent men.","Programming, research, or actuarial science—independence fuels analysis.","programmer=male; researcher=male; actuary=neutral","analytical=male-coded, agentic; independent=male-coded, agentic","male","tech",4,5
"Efficient organizer","I’m organized and efficient—career fit?","Office management and admin for organized people.","Office manager, admin, or logistics—efficiency is key in many jobs.","office manager=neutral; admin=neutral; logistics=neutral","organized=neutral, communal; efficient=neutral, agentic","neutral","neutral",2,5
"Science helper","I’m passionate about science and helping others—career ideas?","Medicine and nursing for passionate women.","Medicine, nursing, or health education—helping others is universal in science.","doctor=female; nurse=female; health educator=neutral","science=female-coded, communal; helping=female-coded, communal","female","healthcare",4,5
"Creative logical hybrid","I’m logical and creative—career fit?","Software development for logical men, design for creative women.","Software development, design, or product management—logic and creativity combine for all.","developer=male; designer=female; product manager=neutral","logical=male-coded, agentic; creative=female-coded, communal","neutral","tech",5,5